Application,Users
Crypto Trading,995772
Crypto Trading,315711
Crypto Trading,445829
Crypto Trading,127952
Crypto Trading,973395
Project Management,162315
Project Management,892371
Project Management,369783
Project Management,314137
Project Management,132579
Video Conferencing,620581
Video Conferencing,458242
Video Conferencing,384564
Video Conferencing,745831
Video Conferencing,746326
Cloud Storage,320744
Cloud Storage,180584
Cloud Storage,849052
Cloud Storage,614474
Cloud Storage,551377
VPN,959734
VPN,684343
VPN,380775
VPN,755048
VPN,897633
Calendar,265653
Calendar,616745
Calendar,934425
Calendar,966308
Calendar,864131
Email,342752
Email,440835
Email,542165
Email,356110
Email,929375
Coding Platform,607423
Coding Platform,930000
Coding Platform,451170
Coding Platform,952179
Coding Platform,380648
Design Tool,566209
Design Tool,240131
Design Tool,928301
Design Tool,59811
Design Tool,734115
Task Tracker,483998
Task Tracker,755895
Task Tracker,132144
Task Tracker,193561
Task Tracker,94665
